site,wildtype,mutation,site_total escape,dNdS
345,T,S,0.02475,0.509
346,R,K,0.07124,1.191
346,R,T,0.07124,1.191
372,A,T,0.04719,0.396
402,I,V,0.03889,0.156
403,R,K,0.04887,1.191
403,R,T,0.04887,1.191
417,K,N,17.83,2.327
417,K,V,17.83,2.327
439,N,K,0.03038,2.327
439,N,V,0.03038,2.409
440,N,H,0.07464,1.105
440,N,K,0.07464,1.105
441,L,I,0.1098,1.993
441,L,Q,0.1098,1.993
443,S,A,0.02766,0.338
444,K,L,0.0349,1.875
445,V,E,0.1308,2.292
445,V,T,0.1308,2.292
449,Y,F,0.04404,0.25
450,N,G,0.07775,0.707
459,S,A,0.6477,0.253
460,N,K,15.93,0.162
478,T,K,0.03662,0.359
483,V,Q,0.05859,2.223
484,E,K,0.9369,2.453
484,E,T,0.9369,2.453
484,E,V,0.9369,2.453
486,F,L,4.421,0.385
490,F,Y,0.1305,0.297
493,Q,E,1.01,2.232
493,Q,Y,1.01,2.232
494,S,R,0.1496,2.073
498,Q,H,0.06488,1.698
498,Q,Y,0.06488,1.698
501,N,T,1.495,2.274
501,N,Y,1.495,2.274
504,G,N,6.418,0.727
505,Y,H,0.0653,0.566
508,Y,F,0.02635,0.243
519,H,N,0.1374,0.298
520,A,G,0.1135,0.327
529,K,L,0.1006,1.736
